{
    "mae": 2.1432264715551828,
    "rmse": 2.915586075110706,
    "mape": 1.0427875123331791
}